title,link,description,bloggername,bloggerlink,postdate
<b>패딩</b> 세탁법 건조기 돌리는법 겨울옷 정리,https://blog.naver.com/concoro/224174800203,"<b>패딩</b> 세탁법 건조기 돌리는법 겨울옷 정리 1. <b>패딩</b> 세탁법 겨울 내내 입었던 <b>패딩</b>, 그냥 세탁기에 휙 넣고 돌리면 끝일까요? 그렇게 했다가 충전재가 한쪽으로 쏠리고, 볼륨이 죽어버린 경험 한 번쯤 있으실... ",큐피아리,blog.naver.com/concoro,20260207
구스 오리털 겨울 <b>패딩</b> 보관 및 건조기 경량 롱<b>패딩</b> 세탁법,https://blog.naver.com/jini4998/224176969875,들어간 <b>패딩</b>은 한 번만 관리가 잘못돼도 형태가 쉽게 무너질 수 있어요. 그래서 매년 겨울이 끝날 즈음이면 <b>패딩</b> 세탁법을 다시 한 번 찾아보게 되더라고요. 오늘은 집에서 무리 없이 따라 할 수 있는 <b>패딩</b>... ,끌림♥,blog.naver.com/jini4998,20260209
&quot;<b>패딩</b>? 코트?&quot; 일본 후쿠오카 1월 2월 날씨 옷차림 실시간... ,https://blog.naver.com/sara0205/224159545789,"그런데도 <b>패딩</b> 입을지, 코트 입을지 또 고민했어요. 아시죠? 코트가 예쁘거든요... 제 체감상 날씨와... 얇은 <b>패딩</b>부터 좀 도톰한 <b>패딩</b>, 바람막이부터 코트까지 다 있어요. 얇은 <b>패딩</b> 정도가 딱 좋긴 해요.... ",렐리스의 맛따라 떠나는 여행♪,blog.naver.com/sara0205,20260126
<b>패딩</b> 세탁 찌든때 얼룩 제거 세탁특공대 찐 후기,https://blog.naver.com/junmega/224163182630,"<b>패딩</b> 세탁 찌든때 얼룩 제거 세탁특공대 찐 후기 글.사진@은하계쓰 날씨가 추워지면서 매일 입게 되는 겨울<b>패딩</b>, 흰색<b>패딩</b>이나 밝은컬러는 소매 끝이나 목 부분에 꼬질꼬질 찌든때가 더 신경쓰이잖아요.... ",은하계쓰의 지구별여행,blog.naver.com/junmega,20260129
<b>패딩</b> 세탁법 부분세탁부터 세탁기 활용 방법,https://blog.naver.com/wi6212/224152283463,"<b>패딩</b> 세탁법 부분세탁부터 세탁기 활용 방법 안녕하세요, 집호랭이예요! 날씨가 쌀쌀해지면 자연스럽게 꺼내 입는 필수 겨울철 아이템은 바로 <b>패딩</b>인 것 같아요. 저도 나갈 땐 <b>패딩</b> 없으면 안 되는 1인... 그러다... ","새댁 집호랭이, 살림하다",blog.naver.com/wi6212,20260119
오리털 <b>패딩</b> 세탁법 집에서 세탁기로 구스 다운 세탁 방법,https://blog.naver.com/9997716/224151245305,"오리털 <b>패딩</b> 세탁법 집에서 세탁기로 구스 다운 세탁 방법 글, 사진 리빙 인플루언서 종이보행기 안녕하세요. 종이보행기입니다. 겨울만 되면 자연스럽게 고민하게 되는 게 바로 <b>패딩</b> 세탁이에요. 오리털이나... ","취향 하나씩, 매일 조금씩",blog.naver.com/9997716,20260118
<b>패딩</b> 세탁법 총정리 집에서 중성세제로 볼륨 살리는 물세탁 방법,https://blog.naver.com/dysnomia/224176698806,"<b>패딩</b> 드라이클리닝 하면 안 되는 이유와 올바른 중성세제 물세탁법, 세탁기 울 코스 활용부터 건조기 테니스공으로 뭉친 털 살리는 꿀팁까지 모두 공개합니다. 겨울철 우리 몸을 따뜻하게 지켜주는 소중한 <b>패딩</b>!... ",EMTI,blog.naver.com/dysnomia,20260209
<b>패딩</b>세탁법 기준 정리 집에서 세탁해도 되는 경우·안 되는 경우,https://blog.naver.com/fds6051/224174833757,"<b>패딩</b>세탁법, 집 세탁해도 되는지부터 판단해야 해요 <b>패딩</b>세탁법을 찾는 분들 대부분은 이미 한 번쯤 망설여봤을 거예요. 겨울 내내 입은 <b>패딩</b>을 정리하려고 꺼냈는데, “이거 집에서 세탁해도 될까?”, “구스... ",옥냥의 육아 한스푼,blog.naver.com/fds6051,20260207
<b>패딩</b>세탁 건조기가 없다면? 오리털 구스 <b>패딩</b>세탁법 양모볼 활용,https://blog.naver.com/gustnr9390/224165745853,오리털 <b>패딩</b>세탁 집에 건조기가 없다면? 오리털<b>패딩</b>과 구스<b>패딩</b>은 보온력이 뛰어난 만큼 세탁방법이 중요하다. 특히 오리털<b>패딩</b>은 잘못 세탁하면 털이 뭉치거나 볼륨이 급격히 줄어들 수 있어 주의가 필요하다.... ,다유홈,blog.naver.com/gustnr9390,20260130
하다 하다 2026년 <b>패딩</b> 계급도까지 나왔다.,https://blog.naver.com/borareview/224180452928,"추운 겨울이면 없어서는 안 될 단짝 바로 '<b>패딩</b>'이죠! 단순한 방한용 의류를 넘어, 패션의 상징이기도 한 <b>패딩</b>도 계급도가 있다는 걸 아셨나요? 최상단에는 수백만 원을 호가하는 명품 브랜드들이 '우리 집... ",쪼의 리뷰박스,blog.naver.com/borareview,20260211
영하 10도 옷차림 | 10만원대 한파 <b>패딩</b> 블랙야크 히마 GTX,https://blog.naver.com/doeunism/224169291642,"작년 12월부터 마음에 드는 <b>패딩</b>을 사려고 엄청 찾아다녔는데요 드디어 인생<b>패딩</b> 만났습니다. 제 인생 <b>패딩</b>은 비싼 명품 <b>패딩</b> 몽클레르도 아니고, 요즘 핫하다는 살로몬도 아니고 바로 블랙야크 제품이에요.... ",어떻게든 사고 만다.,blog.naver.com/doeunism,20260203
수아레 경량<b>패딩</b> 시어쉘 사이즈 및 시착 후기 with 무신사... ,https://blog.naver.com/leesin8888/224180716649,수아레 라이트 시어쉘 <b>패딩</b> 점퍼 바로 경량<b>패딩</b> 대란 속에서 가장 많은 주목을 받은 아이템 중 하나! 수아레 경량<b>패딩</b>인데요. 저 역시 언젠가는 한번 입어보고 싶었던 제품인데 마침 매장에 한 장 걸려있어... ,패션블로거 리군,blog.naver.com/leesin8888,20260212
상하이 여행 날씨 2월 3월 상해 옷차림 <b>패딩</b> 필요할까?,https://blog.naver.com/daun1217/224172130894,"말하자면 <b>패딩</b>, 필요하다 롱<b>패딩</b>? 굳이다 상하이 2월 3월 평균 기온 왼쪽이 2월, 오른쪽이 3월 평균 기온을 보여주는 그래프다 출처는 아큐웨더 딱 봐도 서울보다 더 따뜻하다 그런데 왜 다들 춥다고 하는거지?... ",정다운여행,blog.naver.com/daun1217,20260205
고농축액체세제 코델리아 겨울<b>패딩</b> 집에서 세탁하기,https://blog.naver.com/nijal99/224173139282,겨울<b>패딩</b>으로 화이트 컬러는 정말 주부로써 쉽게 선택할 수 있는 컬러는 아닌데요. 구입할 때 예상은 했지만 역시나 아직 청소년에겐 화이트 겨울<b>패딩</b>은 무리인가 싶어요. 그렇다고 겨울<b>패딩</b>을 입을 때마다... ,골프쟁이 뷰티 패션 이야기,blog.naver.com/nijal99,20260205
겨울 <b>패딩</b> 세탁법 오리털 <b>패딩</b> 세탁 건조기 사용 괜찮을까,https://blog.naver.com/oioijinjin/224142374376,"오리털 <b>패딩</b> 세탁 건조기 괜찮을까 겨울 <b>패딩</b> 세탁법 글, 사진 ©또하우스 안녕하세요! 리빙 인플루언서 또하우스입니다:) 겨울이 시작되면 가장 먼저 고민되는 살림 중 하나가 바로 겨울 <b>패딩</b> 세탁이죠 매일 입는... ",살림하는 남편,blog.naver.com/oioijinjin,20260111
유아<b>패딩</b> 나이키키즈<b>패딩</b> 2026 디자인 가격,https://blog.naver.com/jini4998/224142280663,유아<b>패딩</b> 코너는 특히 시즌마다 디자인이 조금씩 달라서 그냥 지나치기 어렵더라고요. 이번에 쇼핑몰을 둘러보다가 유아<b>패딩</b> 나이키키즈<b>패딩</b> 2026 시즌 제품들이 진열돼 있어서 전체 구성을 살펴봤어요. 2026... ,끌림♥,blog.naver.com/jini4998,20260111
코인세탁 어플 세탁특공대 할인 <b>패딩</b> 겨울이불 빨래 배달 후기,https://blog.naver.com/realjaekyo/224177396527,"코인세탁 어플 세탁특공대 할인 <b>패딩</b>, 겨울이불 빨래 배달 후기 안녕하세요 여행인플루언서 재교입니다. 얼마 전 눈 오는 날 썰매장 갔다 왔더니 <b>패딩</b>이 다 젖어서 아주 찝찝하길래 추운 겨울이라 잘 때 땀을... ","재교이의 여행,나들이",blog.naver.com/realjaekyo,20260209
여자등산복 자켓 파타고니아 경량<b>패딩</b> 가볍고 따뜻했던 산행 후기,https://blog.naver.com/artondo/224178627619,"그래서 저는 겨울 산행용으로 파타고니아 경량<b>패딩</b>을 선택했는데, 경량성·보온력·레이어링 활용도 이... 파타고니아 경량<b>패딩</b>, 겨울 산행 여자등산복으로 좋았던 이유는? Women's Down Sweater™ 우먼즈 다운 스웨터... ",좋은 날의 온도,blog.naver.com/artondo,20260210
"<b>패딩</b>세탁 집에서 실패 없이 하는 법, <b>패딩</b>세탁법과... ",https://blog.naver.com/jssmsh3/224166616004,겨울 내내 입은 <b>패딩</b>을 집에서 안전하게 세탁하는 방법을 원리부터 실전 팁까지 정리했어요. 겨울이 끝나갈 무렵이면 가장 고민되는 옷이 바로 <b>패딩</b>이에요. 겉보기에는 멀쩡해 보여도 목 부분과 소매 안쪽에는... ,체리오렌지 라이프스토리,blog.naver.com/jssmsh3,20260202
롱<b>패딩</b> 세탁기 울코스 <b>패딩</b> 세탁법 후기,https://blog.naver.com/uniblue1/224146163705,"겨울 <b>패딩</b> 세탁, 집에서 세탁기로 해도 될지 고민되시죠? 특히 롱<b>패딩</b>은 부피도 크고 세탁비도 만만치 않아서 <b>패딩</b> 세탁기 돌려도 될까 고민했어요. 이번에 검은색 롱<b>패딩</b>을 집에서 세탁기 울코스로 직접... ",오늘 하루,blog.naver.com/uniblue1,20260114
에르노 <b>패딩</b> 후기 인기템 5% 할인코드 + 직구방법!,https://blog.naver.com/yochiiiii/224175315435,"오늘은 가볍지만 고급스럽기로 인기가 많은 에르노 <b>패딩</b> 제품 소개해 드리려고 하는데요, 여러... 에르노 <b>패딩</b> 후기 중 정말 많은 비율을 차지하고 있을 정도로 인기가 아주 많은 아이인데요~ ㅎㅎ 광택을... ",블리콩,blog.naver.com/yochiiiii,20260207
아울렛 쇼핑 후기 :) 겨울 끝물 <b>패딩</b> 득템 (아이 <b>패딩</b> 추천),https://blog.naver.com/hayanbit_design/224181775666,"여기 정말 겨울 <b>패딩</b> 맛집이라구요 겨울맞이 아이들 <b>패딩</b>사고 어른 <b>패딩</b>마련하려면 정말 가격이 부담인데, 용인 더 팩토리 아울렛은 할인된 가격으로 브랜드 제품을 다양하게 만나볼 수 있어서 좋았어요! 키즈... ",미술 육아 체험 I 마미아르떼,blog.naver.com/hayanbit_design,20260213
"쿨링 <b>패딩</b>, 베이비샵 할인 중 너무 귀여워.",https://blog.naver.com/sechkiz/224177859791,"제품 리뷰 쿨링(Kuling) <b>패딩</b>, 베이비샵 직구로 준비했어요 글, 사진 @사라 아이 겨울 외투 하나... 저는 이번에, 쿨링 <b>패딩</b>을 선택했어요. 두번째 만나는 쿨링(Kuling) 북유럽에서 시작된 어린이 아웃도어... ","오늘낡음 | 작은집, 구축에 셋이 살아요",blog.naver.com/sechkiz,20260209
"대구옷수선,무스너클<b>패딩</b> 소매수선-by인치수선",https://blog.naver.com/jeans_repair/224174030223,인치수선입니다 <b>패딩</b> 소매 기장 수선에 관련 짧게 안내 드립니다 오늘 게시물 제품은 무스너클 입니다 이번 게시물은 중간 과정을 삭제하고 실물과 결과물을 안내 드리겠습니다 수선 의뢰품 <b>패딩</b>입니다... ,인치수선,blog.naver.com/jeans_repair,20260206
몽클레르 여성 명품 <b>패딩</b> | 아르모니크 세타이어 반값 할인,https://blog.naver.com/doeunism/224141518693,올해는 꼭 제대로 된 <b>패딩</b>을 마련하겠다고 열심히 저금을 해서 몽클레르 <b>패딩</b>을 구매했어요. 구매한지는 조금 됐는데 잘 입고 다니다가 이제야 리뷰를 올려봅니다! 제가 구매한 몽클레르 여성<b>패딩</b> 제품은... ,어떻게든 사고 만다.,blog.naver.com/doeunism,20260110
롱<b>패딩</b> 냄새제거에 좋은 탈취제 <b>패딩</b> 냄새 없애는법으로 최고!,https://blog.naver.com/pulib5779/224151293019,코트에 <b>패딩</b>까지 다양하게 있는데 여기에 교복에 정장까지 더해지게 되면 두꺼운 옷투성이라 매번 클리닝이나 세탁을 맡기는 것도 쉽지 않은 일이다 보니까 이게 진짜 힘들단 말이에요. 특히 <b>패딩</b>은 거의 매일... ,몬(mon)나지 않은 일상★,blog.naver.com/pulib5779,20260119
듀베티카 봄 여성 경랑<b>패딩</b> 김지원 착장 여자 바람막이... ,https://blog.naver.com/trueloveu/224179950888,티아라여행 FASHION 듀베티카 봄 여성 경량<b>패딩</b> 김지원 착장 여자 바람막이 프리미엄 라이프스타일... 이번 스프링 시즌에 어울리는 봄 여성 경량<b>패딩</b>으로의 변화를 위해 짧아진 기장과 슬림한 느낌으로... ,"티아라여행, T r a v e l o g u e",blog.naver.com/trueloveu,20260211
"남들 다 입는 롱<b>패딩</b>, 40대부터 더 우아하게 입는 법 3가지",https://blog.naver.com/486xhxh/224150134244,롱<b>패딩</b>도 '이것'만 알면 명품 코트보다 더 귀티 나게 입을 수 있어요 그 한 끗 차이 딱 3가지로 정리해 드릴게요  3초 요약: <b>패딩</b> 입고 '귀티' 흐르는 여자들의 비밀 핏의 마법 통자 허리 대신 'X라인'을 만들면... ,쥔이로그 : 뷰티&패션&팝업,blog.naver.com/486xhxh,20260117
남자 파타고니아 <b>패딩</b> 아울렛 사이즈 추천,https://blog.naver.com/hong_e5865/224180627272,"남자 파타고니아 <b>패딩</b> 윈드쉐도우 파카 작년 겨울에 입던 <b>패딩</b>이 벌써부터 지겨워져서, 이번 시즌에는 제대로 된 아웃도어 <b>패딩</b> 하나 사보자 싶었어요. 출퇴근할 때는 코트 입고 다니다가, 주말에는 아이랑... ",미스틱88 패션블로그,blog.naver.com/hong_e5865,20260211
듀베티카 김지원 봄 자켓 여자 바람막이 여성 경량<b>패딩</b>... ,https://blog.naver.com/kesook02/224180270242,"경량<b>패딩</b>, 여자 바람막이 등의 봄자켓을 선보여 많은 분들에게 주목 받고 있는 중인데요 우아한 라인이 돋보이는 핏을 기반으로 다양한 제품을 구성하고 있음은 물론 여배우들이 많이 입는 프리미엄 <b>패딩</b>... ",리즈덤 룩&록,blog.naver.com/kesook02,20260211
삿포로 쇼핑 일본 몽벨 <b>패딩</b> 백팩 선글라스 가격,https://blog.naver.com/hand4444/224142027648,"삿포로 쇼핑 일본 몽벨 <b>패딩</b> 백팩 선글라스 가격 글·사진 | 치콜 요즘 몽벨 엄청 핫하잖아요 저는... 백팩, <b>패딩</b>, 선글라스 찍어봤습니다 01. 위치 ⏰ 영업시간 매일 AM 10:00~PM 9:00 제가 다녀온 일본 몽벨... ",금요일밤엔 치킨에 콜라,blog.naver.com/hand4444,20260110
남자 택티컬 감성 겨울<b>패딩</b> 추천 디아프바인 674 타입2,https://blog.naver.com/bubwel2003/224175132310,"핏, 소재, 그리고 오래 입을 수 있는 내구성까지 고민한 끝에 선택한건 “디아프바인 674 코듀라 <b>패딩</b>” 오늘은 실제로 착용해본 기준에서 왜 이 <b>패딩</b>을 선택했는지 솔직하게 이야기해보겠습니다. 저는 시즌 175... ",꾸운남의 맛집여행,blog.naver.com/bubwel2003,20260207
스톤아일랜드 <b>패딩</b> 구멍 표시 없이 수선하기,https://blog.naver.com/kh7387/224181386377,안녕하세요^^ <b>패딩</b> 전문 낭만수선입니다. 명절 설날이 다가오고 있는데요 서울 경기도에 사시는 분들... 날씨라 <b>패딩</b> 많이 입으시죠? 저도 코트도 입고 싶은데 추위를 많이 타서 아직 <b>패딩</b>을 입고 다닌답니다 ㅋ... ,낭만수선 김사부,blog.naver.com/kh7387,20260212
마뗑킴 <b>패딩</b> 덕다운 점퍼 후기 matinkim 마틴킴,https://blog.naver.com/sooy110/224170597882,마뗑킴 <b>패딩</b> 후기 드디어 씁니다 ㅠㅠ ㅋㅋㅋㅋㅋㅋㅋㅋㅋㅋㅋ 너무 오래 지났쬬.. 아무도 안 기다렸을 것 같은데 어쨌든 라쓰고 ~ 원래 보던 <b>패딩</b>은 사실 이거였어요. (제품명 SMALL LOGO VOLUME DOWN JUMPER) 딱봐도... ,슬단#로그,blog.naver.com/sooy110,20260203
화제였던 제니 공항패션 정보 + 몽클레어 <b>패딩</b>,https://blog.naver.com/softsummer-/224167495459,"제가 못 본 건지 모르겠지만 그동안 <b>패딩</b> 입은 걸 못 봤던 거 같은데 어제 출국에서 제니가 몽클레어 <b>패딩</b>을 입고 등장해 엄청 이슈였어요~! 출처 - 제니, 몽클레어 인스타그램 한 시간 전에는 몽클레어 공식... ",배티 블로그,blog.naver.com/softsummer-,20260201
스파오 키즈 파스텔푸퍼 다운<b>패딩</b> 실착후기,https://blog.naver.com/pamicusq/224173770001,"아이 겨울<b>패딩</b> 결국 중요한 건 ‘아이 반응 아닌가요? 겨울<b>패딩</b> 고를 때 엄마 마음은 다 똑같죠 따뜻해야 하고, 가벼워야 하고 세탁 관리도 쉬워야 하고… 근데 막상 입혀 아이가 안 좋아하면 끝 그래서... ",보라 블로그,blog.naver.com/pamicusq,20260206
<b>패딩</b> 지퍼 끼임 해결! 집에서 간단한 수선으로 끝,https://blog.naver.com/hiha17/224183094215,"작년에 시스템에서 나름 고가의 <b>패딩</b>을 구매했어요. 구매하고 처음 입는 날, 앗 이거 뭐야! 바로 <b>패딩</b> 지퍼 끼임으로 당황... 비싼 <b>패딩</b>인데 지퍼 올리면서 지퍼 뒤에 원단마감 있잖아요. 바람이 새지 않고, 차가운... ",지금 히야,blog.naver.com/hiha17,20260213
"2~3월 라운딩 여성 골프웨어, 골프<b>패딩</b>바지 아직 입어도 될까?",https://blog.naver.com/eirene0110/224181424940,"2~3월 라운딩 여성 골프웨어, 골프<b>패딩</b>바지 아직 입어도 될까? “이제 곧 3월인데… 아직 골프<b>패딩</b>바지 입어도 되는 거 아니야?” 저도 라운딩 전날마다 이 고민 꼭 하게 되더라고요. 한겨울처럼 춥진 않은데... ",곤앤온의 골프패션로그,blog.naver.com/eirene0110,20260212
몽클레어 숏 <b>패딩</b> 남자 -40% 할인코드 받는법 &amp; 직구방법!,https://blog.naver.com/yochiiiii/224180708103,"오늘은 날씨가 간만에 확 따뜻하게 풀려 있어서 밖에 한 번 나갔다가 아주 놀랐는데요, 이제 정말 생존(?)을 위한 롱<b>패딩</b>을 집어넣고 가벼운 <b>패딩</b>을 입을 수 있단 사실에 정말 기쁘더라고요 :) 그래서... ",블리콩,blog.naver.com/yochiiiii,20260212
노스페이스 보검매직컬 경량<b>패딩</b> 곽동연 박보검 <b>패딩</b> 코디 추천,https://blog.naver.com/tonyforlife/224165887715,노스페이스 보검매직컬 경량<b>패딩</b> 곽동연 박보검 <b>패딩</b> 코디 추천 평상시 제가 예능 프로그램을 잘 안챙겨 보는데 제가 좋아하는 연예인이 나오면 꼭 챙겨보는 편인데요. 얼마전 제가 무척이나 팬인 박보검이... ,리지와 함께 뷰티리셔스,blog.naver.com/tonyforlife,20260130
"겨울 <b>패딩</b> 니트세탁망 청춘생활돌돌망, 세탁소에서 시작된 원조",https://blog.naver.com/hw03088/224180685492,"&quot;이 포스팅은 쿠팡 파트너스 활동의 일환으로, 이에 따른 일정액의 수수료를 제공받습니다.&quot; <b>패딩</b>세탁망 / 니트세탁망 / 니트세탁 청춘생활돌돌망 안녕하세요, ming입니다◡̈ 겨울만 되면 니트 세탁법, <b>패딩</b>... ",Cherish my memory,blog.naver.com/hw03088,20260211
봄아우터추천 경량<b>패딩</b>코디 행텐봄신상 간절기<b>패딩</b> 두쫀쿠... ,https://blog.naver.com/aboutstella/224177628397,HANGTEN 행텐 후드 라이트 퀄팅 점퍼 라이트그레이 M #경량<b>패딩</b> #경량<b>패딩</b>코디 #봄아우터추천 요즘 경량<b>패딩</b> 없는 분 없잖아요? 저도 내내 호시탐탐 노리다가 컬러도 디자인도 제 스타일인 ! 게다가 가격도... ,"단미윙, 사랑옵다",blog.naver.com/aboutstella,20260209
드랍더코트 인천공항 <b>패딩</b> 외투보관 서비스 내돈내산 후기,https://blog.naver.com/psj2087/224167663779,드랍더코트 인청공항 <b>패딩</b> 겉옷 외투 보관 후기 최근에 더운나라 휴양지로 신혼여행을 다녀왔는데요~ 우리나라가 겨울일때 출발을 하다보니깐 아무래도 두꺼운 <b>패딩</b> 외투가 신경이 쓰이더라구요 벗고 가자니... ,For her,blog.naver.com/psj2087,20260203
무신사 스탠다드 우먼 숏<b>패딩</b> S 내돈내산,https://blog.naver.com/milbeauty/224172357436,무신사 스탠다드 우먼 숏<b>패딩</b> S 내돈내산 후기 겨울 숏<b>패딩</b> 살까말까 고민하다 세일기간 다 끝난 후에 사람.. 나야 나...ㅋㅋㅋㅋ 2월 한달이라도 입어보자 싶어서 무신사 스탠다드 우먼 우먼즈 다운 푸퍼 숏... ,밀체의 뷰티콕,blog.naver.com/milbeauty,20260205
몽클레어 제네 롱 <b>패딩</b> 자켓 국내가 대비 100만원 절약하는 방법,https://blog.naver.com/yoojafamily/224172870919,"겨울마다 롱<b>패딩</b>은 부해 보인다는 생각때문에 망설였던 분들, 이번에 나온 몽클레어 Genet 제네 롱 <b>패딩</b> 자켓은 한번 보면 생각이 좀 달라질거에요. 허리 라인이 은근히 잡혀 있고, 기장이 무릎 위로 딱... ",유자시스터즈 ★ YOOJASISTERS,blog.naver.com/yoojafamily,20260205
몽클레어 키즈 <b>패딩</b> 구멍 감쪽같이 표시 없이 수선하기,https://blog.naver.com/kh7387/224179088912,몽클레어 키즈 <b>패딩</b> 수선 포스팅해 보겠습니다 뒷부분이 찢어져 있었습니다 고깃집에 갔다가 숯 불똥이 튀어 서 이렇게 되었다고 합니다.ㅜㅜ 고깃집의 실수로 <b>패딩</b>이 망가져서 보험처리를 한다고 하시더라구요... ,낭만수선 김사부,blog.naver.com/kh7387,20260210
블랙 <b>패딩</b> 고민 끝... 아르켓 오버사이즈 푸퍼가 124.5유로로... ,https://blog.naver.com/greenberry9/224179025386,블랙 <b>패딩</b> 하나만 잘 사면 겨울 코디가 끝이라서 매년 괜찮은 디자인을 찾게 되는것 같아요. 이번... ▶ 아르켓 <b>패딩</b> 업사이클 다운 자켓 124.5유로 가격이 지금 너무 착해요! 국내 아르켓에서는 구할 수 없는... ,그린베리의 패션이야기,blog.naver.com/greenberry9,20260210
몽클레어 경량<b>패딩</b> 110만원대 / 경량<b>패딩</b> 추천,https://blog.naver.com/sseommers/224168742943,경량 <b>패딩</b> 지금 117만원대 나오고 있는데요 전사이즈 모두 있어요!! 제일 인기 있고무난한 네이비 색상... 플리스 <b>패딩</b> 지퍼 후드티 완전신상인거 같아요 디자이너 번호로 검색을해도 검색이 안됩니다. 란스랑... ,써머즈의 쇼핑이야기,blog.naver.com/sseommers,20260202
[할인중] 무신사 스탠다드 경량<b>패딩</b> 무탠다드 시티레저 립스탑... ,https://blog.naver.com/bongzigul/224165776493,"#무신사 #무신사스탠다드 #무탠다드 #무신사경량<b>패딩</b> #무탠다드경량<b>패딩</b> #경량<b>패딩</b> #시티레저경량<b>패딩</b> #시티레저 가성비 디자인 고퀄의 경량<b>패딩</b> 작년엔 엄청난 리셀이 붙었지만, 올해는 할인해서 더 저렴하게... ",I Love Yu Ha,blog.naver.com/bongzigul,20260130
뉴발란스 롱<b>패딩</b> 남자 겨울 <b>패딩</b> 구스다운 추운 날씨에 가장... ,https://blog.naver.com/coolps8/224180130962,뉴발란스 롱<b>패딩</b> 남자 겨울 <b>패딩</b> 구스다운 추운 날씨에 가장 필요한 아우터 안녕하세요. 패션 인플루언서 마성훈입니다. 2월달이 되었는데 오히려 더 추워진 느낌입니다. 최근에 오래간만에 서울에 일정이... ,마성훈의 패션 블로그,blog.naver.com/coolps8,20260212
파타고니아 경량<b>패딩</b> 다운 스웨터 겨울 아웃도어 추천 24% 할인,https://blog.naver.com/happypanchok/224175495876,"이제 겨울이 다 끝나가지만 늦겨울부터 초봄까지 정말 유용한 경량<b>패딩</b>을 소개하려고 합니다.... 늦겨울 초봄, 이맘때 딱 좋은 경량<b>패딩</b> 요즘처럼 겨울이 끝나가는 시점에서 두꺼운 <b>패딩</b>은 부담스럽고 그렇다고... ",애드공감,blog.naver.com/happypanchok,20260208
막스마라 <b>패딩</b> 조끼 트레직 사이즈 직구 후기,https://blog.naver.com/sj_amica/224133992285,"광고로 커미션을 지급 받습니다 막스마라 <b>패딩</b> 조끼 트레직 사이즈 직구 후기 안녕하세요 : ) 뚜난입니다. 지난 12월, 가볍게 입을만한 막스마라 <b>패딩</b> 조끼를 구매했는데요- 매장에서 구매하려니...너..... ","미니멀라이프, 맥시멈 러브",blog.naver.com/sj_amica,20260104
CP컴퍼니 키즈 <b>패딩</b> 성인착용 가능한 제품 베스트,https://blog.naver.com/madecong/224175982287,CP컴퍼니 키즈 <b>패딩</b> 성인착용 가능한 제품 베스트 5 추천 (2026년) 최근 키즈 <b>패딩</b>을 성인이 착용하는 트렌드가 늘고 있어요. 특히 작은 체형의 성인분들이나 오버핏을 선호하는 분들 사이에서 인기가 높죠.... ,콩반장,blog.naver.com/madecong,20260208
여주아울렛 프라다<b>패딩</b> 구입후기,https://blog.naver.com/love8391a/224138780605,ㅋㅋ 구매한 프라다 <b>패딩</b>은요 남성제품이고요!! 신랑<b>패딩</b>을 구매했어요~~!!ㅋㅋ 오래 무난하게 입을수 있는 검정으로 선택!! 큰사이즈는 잘없엇는데 이제품은 큰사이즈 까지 있어서 구매! 사이즈 있을땐... ,씩씩하게 살아가기.,blog.naver.com/love8391a,20260108
"&quot;경량<b>패딩</b> 뭐 살까?&quot; 파타고니아, 한소희 <b>패딩</b>까지 모아봄 (여성... ",https://blog.naver.com/k_159500/224175294423,"날씨는 춥지만 2월이다보니까 헤비한 <b>패딩</b>보다는 지금부터 3,4월까지 쭉 입을 수 있는 가벼운 경량<b>패딩</b>에 더 눈이 많이 가는 게 사실인데요. 어떤 경량<b>패딩</b> 구매할지 고민인 분들을 위해서 갓성비 부터... ",치즈초콜릿 블로그,blog.naver.com/k_159500,20260207
리사 <b>패딩</b> 가격 3천만원이라는 크롬하츠 녹타 대체 뭔데?,https://blog.naver.com/89dahye/224173625962,속 <b>패딩</b> 바지 셋업이 화제인데요 설원 배경 속 비키니 위에 카모 패턴 느낌의 푸퍼 <b>패딩</b>과 스웻팬츠 셋업 착장으로 핀터레스트 감성 이미지 그 자체였던 리사 <b>패딩</b> 패션 이었습니다 두꺼운 푸퍼 <b>패딩</b>과 대비되는... ,디디,blog.naver.com/89dahye,20260206
디스커버리 여성 올버트 구스다운 숏<b>패딩</b>,https://blog.naver.com/aloha144/224177736362,나 진짜 <b>패딩</b>이없음... 개추워서 <b>패딩</b> 진짜 따슨한게 갖고싶었다... 그래서 존나 찾아봄.. 근데 난 롱<b>패딩</b>을 시로함 왜냐면 ㅠ 걍 거추장스러움... 그래서 엉덩이 가리는 기장이면서도 너무... ,♡어랜지블로그♡,blog.naver.com/aloha144,20260209
키즈 야구점퍼 내셔널키즈 경량<b>패딩</b> 봄신상 등원룩,https://blog.naver.com/83hyemin/224182610828,"그래서 신학기 #등원룩 으로 아이들의 활동성과 취향을 고려하여 #경량<b>패딩</b> 점퍼로 내셔널 #키즈야구점퍼 를 준비했어요. :-) 환절기가 되면 아침, 저녁으로 서늘하고 낮 기온은 제법 높아서 아이들이 <b>패딩</b>처럼... ",사랑하기 좋은날-♪,blog.naver.com/83hyemin,20260213
험토 <b>패딩</b>신발 따뜻하고 포근한 <b>패딩</b>부츠 방한화 사이즈 후기,https://blog.naver.com/artondo/224169963824,눈이 많이 내린 날에는 따뜻하고 포근하면서 방수도 되는 <b>패딩</b>신발이 가장 먼저 생각나요. <b>패딩</b>소재라 눈에 젖지 않으면서 바닥의 아웃솔 덕분에 미끄러지지도 않는 <b>패딩</b>부츠는 겨울 아이템으로 꼭 필요한... ,좋은 날의 온도,blog.naver.com/artondo,20260203
비서진 박신혜 <b>패딩</b> 가방 옷 가격 (+아크네스튜디오 에르메스),https://blog.naver.com/bbekimha/224178487636,오늘은 최근 막방을 했던 비서진에서 박신혜 패션 아이템들을 알아볼까하는데요 비서진 박신혜 <b>패딩</b>... 박신혜 <b>패딩</b>을 빌려 입고 나갔는데요 ㅋㅋㅋㅋㅋㅋㅋㅋㅋㅋㅋㅋ 여자 <b>패딩</b>이 남자한테 맞는다고?? 너무... ,"""oh! Beautiful light""",blog.naver.com/bbekimha,20260210
"몽벨 여성 경량<b>패딩</b> 추천, 트렉수트 점퍼 간절기 아우터 75... ",https://blog.naver.com/happypanchok/224180750594,간절기 아우터 고민 끝에 찾은 몽벨 경량<b>패딩</b> 봄이 가까워지면서 두꺼운 <b>패딩</b>을 벗고 싶은데 아침저녁은 아직 쌀쌀해서 간절기 아우터를 뭘 입어야 할지 고민이 많았어요. 너무 두껍지 않으면서도 보온이... ,애드공감,blog.naver.com/happypanchok,20260212
김지원 여성 경량<b>패딩</b> 프리미엄 라이프스타일 '듀베티카' 봄... ,https://blog.naver.com/minju1004b/224178947881,"본 포스팅은 듀베티카로부터 원고료를 제공받아 작성되었습니다 김지원 여성 경량<b>패딩</b>, 여자... 경량<b>패딩</b>이 액티브한 봄 시즌에는 제일 무난하게 그리고 예쁘게 착용해지죠 편안한 활동성을 늘 추구하고... ",패션 인플루언서 복숭아링,blog.naver.com/minju1004b,20260211
듀베티카 26SS 김지원 여성 경량<b>패딩</b> &amp; 여자 바람막이... ,https://blog.naver.com/cha_23/224179496384,<b>패딩</b> &amp; 여자 바람막이 프리미엄 라이프스타일 봄 코디 안녕하세요! 수리미입니다. 2026년도 벌써 2월이 시작되고 눈 깜짝할 새에 벌써 곧 중순이네요 ㅎㅎ 이번 겨울은 유독 더 길게 느껴져서 두꺼운 <b>패딩</b>은... ,유튜버 차수리미 V-Blog @패션 @뷰티 @육아,blog.naver.com/cha_23,20260211
쏠라볼 <b>패딩</b> 특허받은 신소재 스켈리도 솔라 후드 <b>패딩</b>,https://blog.naver.com/nijal99/224167917423,겨울 <b>패딩</b>을 고를 때 가장 중요한 기준은 단연 보온력 아니겠어요. 이번 만나본 겨울<b>패딩</b>은 정말 혁신적인 <b>패딩</b>으로 이렇게 가볍고 따뜻하면서 스타일까지 맘에들어 나만 알기 아까운 겨울<b>패딩</b> 제품이라... ,골프쟁이 뷰티 패션 이야기,blog.naver.com/nijal99,20260201
노스페이스 눕시 여자<b>패딩</b> 롱<b>패딩</b> 김나영 착용 제품 겨울코디,https://blog.naver.com/ria04010414/224176052799,경량<b>패딩</b>이 많은 사랑을 받았죠 ㅎㅎ 김나영 인스타 패션 속에서도 노스페이스 아이템을... kr 김나영 착용 노스페이스 <b>패딩</b>은 이번 시즌 박보검 <b>패딩</b>으로도 인기가 많은 라이트 블루... ,"황빠꾸의 패션,뷰티 BLOG",blog.naver.com/ria04010414,20260208
판매량 높은 노스페이스 <b>패딩</b> BEST 5,https://blog.naver.com/qkrdmsdhr95/224147171962,올 겨울 노스페이스 <b>패딩</b> 사랑은 끊이질 않고 있는데요 한파가 왔기 때문에 경량<b>패딩</b>이 아닌 헤비아우터 위주로 판매량 높은 BEST 5를 준비해봤어요! 노스페이스 화이트라벨 노벨티 눕시 다운 자켓 가격... ,By Jade,blog.naver.com/qkrdmsdhr95,20260115
트렌드 온에어! 제니's Pick! <b>패딩</b> 슈즈 스부(SUBU) 직구하기,https://blog.naver.com/mallteriyang/224123446218,"그래서인지 주요 플랫폼에서는 <b>패딩</b> 소재의 방한 아이템들이 인기이고 그중에서도 <b>패딩</b> 소재를 신발에 활용한 #<b>패딩</b>슈즈 가 패션 트렌드로 떠오르고 있다고 합니다. 보온성과 편안한 착화감, 귀여운... ",몰테일 블로그,blog.naver.com/mallteriyang,20251226
프리미엄 라이프스타일! 봄 여자 바람막이 경량<b>패딩</b> 어때요?,https://blog.naver.com/myojinx/224180174858,유난히 춥게 느껴졌던 겨울이었는데 이제는 답답하고 두꺼운 <b>패딩</b>을 벗어던지고 몸을 가볍게 깨워야... 이색적인 디자인의 여성 경량<b>패딩</b>으로 흔하지 않은 스타일이라 더 눈길이 가죠. 매트하고 밝은... ,MYO SPACE,blog.naver.com/myojinx,20260211
특허받은 소재로 따뜻한 스켈리도 헤비<b>패딩</b> 여자<b>패딩</b> 추천,https://blog.naver.com/leeye1985/224174569347,"따뜻하면서도 스타일리시한 옷을 찾다가, 특허받은 소재로 따뜻하면서 가벼운 여자<b>패딩</b>을 발견했습니다. 스켈리도 솔라 후드 <b>패딩</b> 스켈리도 여자<b>패딩</b>인데요. 솔라볼 <b>패딩</b>으로 특허받은 소재를 포함하고... ",잭슨과나,blog.naver.com/leeye1985,20260206
간절기 <b>패딩</b> 끝판왕 막스마라 다리아 후드 집업 <b>패딩</b> 자켓 파격... ,https://blog.naver.com/yoojafamily/224180130627,Max Mara The Cube 막스마라 다리아 후드 집업 <b>패딩</b> 자켓이 지금 60만원대 핫딜이에요. 국내가 대비 무려 100만원 넘는 차이입니다. 세련된 간절기 <b>패딩</b> 끝판왕이라 말해도 오버 하나 없이 활용도 높은... ,유자시스터즈 ★ YOOJASISTERS,blog.naver.com/yoojafamily,20260211
폴로 경량<b>패딩</b> 코듀로이 자켓 여성 추천 20% 할인,https://blog.naver.com/happypanchok/224181703387,폴로 경량<b>패딩</b>을 선택한 이유 환절기에 가볍게 걸칠 수 있는 자켓을 하나 장만하고 싶었는데요. 여성 경량<b>패딩</b> 중에서도 캐주얼하게 입을 수 있으면서 클래식한 느낌이 있는 제품을 찾다가 폴로 랄프로렌... ,애드공감,blog.naver.com/happypanchok,20260212
숏 <b>패딩</b> 겨울 데일리룩 코디 영하 1도 옷차림,https://blog.naver.com/incompletegirl/224169968486,"영하 1도 옷차림 숏 <b>패딩</b> 겨울 데일리룩 코디 겨울 아우터로 누구나 하나쯤 소장하고 있는 <b>패딩</b>. 숏, 하프, 롱, 기장에 따라 연출할 수 있는 분위기도 다른데요, 오늘은 올겨울 구입한 아모멘토 숏 <b>패딩</b>을... ",리야 블로그,blog.naver.com/incompletegirl,20260203
런닝맨 <b>패딩</b> 파카 단체복 789회,https://blog.naver.com/lzheng/224177055239,런닝맨 단체 <b>패딩</b> 와키윌리 덕키 다운 숏푸퍼 네이비 베이직한 디자인에 유니크한 키키 와펜 패치로... ▶런닝맨 단체 <b>패딩</b> 보러가기 ✅ 세련된 하이넥과 브랜드 로고 포인트 하이넥 디자인이 적용되어 목을... ,스탠딩굿즈,blog.naver.com/lzheng,20260209
유니클로 질샌더 ma-1사이즈 재발매 색상 + <b>패딩</b>,https://blog.naver.com/bbekimha/224173903794,재발매와 <b>패딩</b> 알아볼게요 유니클로 x 질샌더 유니클로와 협업 제품으로 +J 하이브리드 다운... 충전재로 <b>패딩</b> 90% 깃털 10%의 하이브리드 다운을 사용해 보온성도 잡은 아이템이에요 유니클로 질샌더 ma-1... ,"""oh! Beautiful light""",blog.naver.com/bbekimha,20260206
MLB키즈롱<b>패딩</b> 주니어점퍼 겨울스포츠 어린이다운,https://blog.naver.com/karo/224140835630,MLB키즈롱<b>패딩</b> 주니어점퍼 겨울스포츠 어린이다운 추운 겨울 이제 곧 겨울방학도 시작되면서 눈썰매장... 롱<b>패딩</b> 포스팅을 해보려 해요 특장점부터 착용 사진까지 시작할게요 1. MLB 키즈롱<b>패딩</b> 에어 데일리... ,몽몽이네 리빙 육아 일상,blog.naver.com/karo,20260109
비서진 박신혜 <b>패딩</b> 코트는 아크네 스튜디오,https://blog.naver.com/qkrdmsdhr95/224167315796,"그저 박신혜 <b>패딩</b>을 약국 가느라 빌려 입었을 뿐인데, 엄청나게 화제가 되었는데요 <b>패딩</b> 트렌드도 마치 바뀌듯 일반적인 <b>패딩</b> 디자인이 아닌 허리 라인을 강조하는 <b>패딩</b> 코트라 더 눈길을 끌었어요 비서진... ",By Jade,blog.naver.com/qkrdmsdhr95,20260201
스켈리도 쏠라볼 <b>패딩</b> 특허받은 자체발열 따듯한 여자<b>패딩</b>,https://blog.naver.com/hyejin39/224176600604,SCELIDO 스켈리도 솔라<b>패딩</b> 특허받은 자체발열 따듯한 여자<b>패딩</b> 30대에 접어들고 나서 예쁜 겨울옷을 찾기보다는 보온! 보온! 무조건 따듯한 겨울<b>패딩</b>만 찾게된다. 개인적으로 덕다운은 무겁기도 하고... ,"삶은, 계란이다",blog.naver.com/hyejin39,20260208
유니클로 남자 경량<b>패딩</b> 조끼 코디 퍼프테크 베스트 퍼플 컬러... ,https://blog.naver.com/coolps8/224178841848,유니클로 남자 경량<b>패딩</b> 조끼 코디 퍼프테크 베스트 퍼플 컬러 구매후기 안녕하세요. 패션 인플루언서... 오늘은 유니클로 남자 경량<b>패딩</b> 조끼 코디 퍼프테크 베스트 아이템 퍼플 컬러 구매후기로 스타일링에... ,마성훈의 패션 블로그,blog.naver.com/coolps8,20260210
휘뚜루마뚜루 착용하기 좋은 화이트샌즈 <b>패딩</b>모자 목도리,https://blog.naver.com/arsoap/224169320229,"그린라벨 <b>패딩</b>워머캡 델리니 화이트샌즈 일체형 모자 목도리 찾았어요 컬러는 아이보리, 딥그린, 블랙... 폭신폭신 <b>패딩</b> 안감은 폴리에스터 100% <b>패딩</b> 겉감과 플리스 안감 소재로 보온성 굿 목도리 부분에 실리콘... ",평범은 기록을 만나 특별해 진다.,blog.naver.com/arsoap,20260202
'5천만원 실화?' 블랙핑크 리사 나이키 X 크롬하츠 <b>패딩</b> 클래스,https://blog.naver.com/chois909/224171465097,크롬하츠 <b>패딩</b> 클래스 블랙핑크 리사님이 이번에 올린 인스타 게시물이 전 세계 패션계를 발칵 뒤집어 놓으며 화제가 되고 있다죠! 최근 리사 님이 착용한 모습이 포착되며 화제가 된 이유는 바로 <b>패딩</b> 한 장에... ,"뷰스타 카민 뷰티, 패션, 일상",blog.naver.com/chois909,20260204
"<b>패딩</b> 의류 수선 패치로, 구멍 난 천 장바구니 수선",https://blog.naver.com/silkyej/224175559617,ㅜ 이걸 어떻게 수선하나 잠시 고민하다가 얼마 전에 구입했던 <b>패딩</b> 수선 패치가 떠올랐어요. 알리익스프레스에서 주문했었죠. 영어로는 이런 식으로 쓰여있는 제품이었어요. 겨울철에 요긴하게 입는 <b>패딩</b>.... ,Lovely Violet,blog.naver.com/silkyej,20260207
리사 설원 속 핫걸 파격적인 비키니&amp;크롬하츠 푸퍼 <b>패딩</b> 코디 정보,https://blog.naver.com/south0429/224173855048,두툼한 <b>패딩</b> 자켓을 매치한 모습은 리사만이 소화할 수 있는 유니크한 감성을 보여주는데요 보통... 극대화했죠 <b>패딩</b> : 겉감은 빈티지한 브라운 톤의 패턴이 들어가 있고 안감은 쨍한 오렌지 컬러로 반전을... ,남쪽구슬,blog.naver.com/south0429,20260206
(재벌 여친 부티나는 클라쓰) 4천만원대 리사 <b>패딩</b>..?,https://blog.naver.com/gguu1029/224171346328,"이게 <b>패딩</b> 가격 맞아? 4천만원대 리사 <b>패딩</b> 정체 © 2026 걸스픽. All rights reserved 리사 인스타 재벌 여친이자 영앤리치의 정석, 블랙핑크 리사가 입는 <b>패딩</b> 클라쓰... 다들 보셨나요? 요즘 패션 씬에서 제일 핫한... ",걸스픽,blog.naver.com/gguu1029,20260204
&quot;맘에 쏙&quot; 비서진 박신혜 <b>패딩</b> 옷 뺏어 입은 이서진 (+가방),https://blog.naver.com/sooyeon1202/224171618246,비서진 박신혜 <b>패딩</b> 이날 화보 촬영이 있었던 박신혜가 열이 나는 바람에 비서진 이서진이 직접 약을 사러나가는 장면이 나왔는데요. 약국에 가면서 박신혜 <b>패딩</b>을 빌려 입었는데 너무 잘 맞는 거예요.... ,수여니 뷰티,blog.naver.com/sooyeon1202,20260204
노스페이스 경량<b>패딩</b> BEST 4,https://blog.naver.com/qkrdmsdhr95/224173680992,"날이 어느정도 풀려서 그런지 경량<b>패딩</b>을 다시 검색하는 분들이 참 많으시더라고요 그래서 오늘은 노스페이스 경량<b>패딩</b> BEST 4를 가지고 왔습니다 노스페이스 칼릭스 T 자켓 가격 278,000원 노스페이스... ",By Jade,blog.naver.com/qkrdmsdhr95,20260206
이서진 맘에 쏙 든 박신혜 <b>패딩</b> 가격,https://blog.naver.com/borareview/224170656315,"급하게 나가느라 외투가 없자 박신혜 씨가 입고 왔던 본인의 <b>패딩</b>을 빌려줬어요. 입기도 전에 딱... ♡ 아크네 스튜디오 Acne Studios 퍼퍼 다운 <b>패딩</b>, 블랙 200만원 대 박신혜 <b>패딩</b>은 아크네 스튜디오에서 2020년... ",쪼의 리뷰박스,blog.naver.com/borareview,20260203
노스페이스 키즈 노벨티 눕시 : 아이 <b>패딩</b> 추천 등원 룩 추천,https://blog.naver.com/leejjung__/224173976046,"노스페이스 엘라 눕시 <b>패딩</b> 후기는 ↓↓↓ 노스페이스 키즈 노스페이스 키즈는 '멈추지 않는 탐험'의... 노스 <b>패딩</b>들과 비슷하게 노스페이스 자수 로고가 되어있고, 왼쪽 팔 부분에는 일반택 로고가 크게... ",리쩡의작은창고,blog.naver.com/leejjung__,20260206
가볍고 따뜻한 경량<b>패딩</b> 추천 닉앤니콜 후드 <b>패딩</b>,https://blog.naver.com/sooyeon1202/224164387817,간절기와 초겨울은 물론이고 한겨울에는 코트 or <b>패딩</b> 안에 이너로 입어 보온성을 높여줄 수 있는 아우터로 경량<b>패딩</b>이 있잖아요? 다양하게 활용하기 위해서는 디자인부터 부해 보이지 않는 핏까지... ,수여니 뷰티,blog.naver.com/sooyeon1202,20260130
비지트인뉴욕 덕다운 벨티드 폭스퍼 롱<b>패딩</b> 칭찬 5번 넘게... ,https://blog.naver.com/amurug1_nuna/224170522498,비지트인뉴욕 덕다운 벨티드 폭스퍼 롱<b>패딩</b> 칭찬 5번 넘게 들은 후기 안녕하세요 빡치는누나입니다. 이번 겨울은 기필코 얼죽코로 예쁘게 보내야겠다! 마음 먹었던 다짐이 무색하게 <b>패딩</b>과 한몸이 된... ,빡치는누나 씨즌2+,blog.naver.com/amurug1_nuna,20260203
듀베티카 봄 간절기자켓 프리미엄 여성경량<b>패딩</b> 여자바람막이... ,https://blog.naver.com/endless13/224169815527,<b>패딩</b> &amp; 여자바람막이 추천 겨울의 무거운 아우터를 정리하고 나면 슬슬 간절기자켓이 고민되는 시기가 오죠. 아침저녁으로는 쌀쌀하고 낮에는 제법 봄 기운이 느껴지는 날씨엔 너무 두꺼운 <b>패딩</b>도 너무... ,베리의 패션&뷰티,blog.naver.com/endless13,20260203
헌터 HUNTER 여성 경량<b>패딩</b> 여자 봄자켓으로 완성하는 간절기... ,https://blog.naver.com/mythya0730/224180514179,"경량<b>패딩</b>의 매력을 지금부터 하나씩 살펴보도록 할게요 :) 익스플로러 소프트 푸퍼 자켓 299,000원 웜그레이 / 블랙 ( S , M ) 사이즈 참고 헌터 HUNTER 여성 경량<b>패딩</b>은 트렌디한 디자인에 부담스럽지 않은 세미... ",블루,blog.naver.com/mythya0730,20260212
"&quot;일어나,, 나이키 세일 쇼핑해야지&quot; acg 경량<b>패딩</b>, 줌보메로... ",https://blog.naver.com/k_159500/224183012522,매년 겨울마다 인기 있는 나이키 acg <b>패딩</b>도 할인 중이고 줌보메로 할인율도 괜찮길래 정리해 봤어요. ACG 라바 플로우 써마 핏 ADV 재킷 W - 블랙:서밋 화이트 / HM9964-010 나이키 acg <b>패딩</b>은 경량<b>패딩</b>이라서 지금부터... ,치즈초콜릿 블로그,blog.naver.com/k_159500,20260213
"겨울 <b>패딩</b> 코디, 마지막으로 아메리칸 캐주얼 입어봤는데...... ",https://blog.naver.com/hl-henry/224181487652,"겨울의 끝자락, 마지막 <b>패딩</b> 코디. 아메리칸 캐주얼로 단정하게 입어봤는데... 성공일까, 실패일까? 목차 1. 드디어 끝이 보이는 겨울 2. 아마도 이번이 마지막 <b>패딩</b> 코디? 3. 아메리칸 캐주얼 베이스의 믹스... ",Henry's Business Casual,blog.naver.com/hl-henry,20260212
"이서진이 탐낸 비서진 박신혜 <b>패딩</b>, 가방 가격은?",https://blog.naver.com/chois909/224171393455,"이서진이 탐낸 비서진 박신혜 <b>패딩</b>, 가방 가격은? 유튜브 비서진 재밌게 보시는 분들 정말로 많으실 것... 입은 <b>패딩</b> 착장이기도 했다죠 바로 여러분들께 착장 정보를 상세히 정리해 드리도록 할게요! 이서진 입은... ","뷰스타 카민 뷰티, 패션, 일상",blog.naver.com/chois909,20260204
&quot;얼마라고?&quot;나는솔로 30기 영식 명품 <b>패딩</b>,https://blog.naver.com/sooyeon1202/224181763732,영식 <b>패딩</b>이 화제를 모으고 있더라고요. 30기 영식은 1992년 생으로 직업은 변호사! 21년부터 변호사 일... 이때 착용한 <b>패딩</b>이 프라다였더라고요. 명품 <b>패딩</b> PRADA 프라다 리나일론 크롭 다운재킷 약 400만 원 나솔... ,수여니 뷰티,blog.naver.com/sooyeon1202,20260212
&quot;엄청 비싸네&quot; 비키니에 5천만원 <b>패딩</b> 입은 블랙핑크 리사,https://blog.naver.com/sooyeon1202/224171416901,가격 듣고 깜짝 놀란 블랙핑크 리사 <b>패딩</b>.. 최근 리사 인스타에 여러 장의 사진이 업로드되었는데요.... 비키니 &amp; 겨울 <b>패딩</b> 코디 한겨울에 비키니를 입었음에도 뭔가 따뜻해 보이는 건 겉에 착용한 <b>패딩</b> 덕분인... ,수여니 뷰티,blog.naver.com/sooyeon1202,20260204
"헌터 HUNTER 봄 아우터, 여성 경량<b>패딩</b> 추천 (디테일이 예뻐)",https://blog.naver.com/rudelulu/224180845577,본 포스팅은 '헌터 HUNTER'로부터 원고료를 제공받아 작성한 글입니다 봄 아우터로 추천하는 헌터 HUNTER 여성 경량<b>패딩</b> 익스플로러 소프트 푸퍼 자켓 어머. 헌터 HUNTER 경량<b>패딩</b> 너무 예쁜데요? 이제 슬슬 봄... ,루루의 패션/뷰티/일상 블로그,blog.naver.com/rudelulu,20260212
탑텐 세일 겨울<b>패딩</b> 니트 후기 헤비아우터 남자겨울코디,https://blog.naver.com/ria04010414/224149003089,겨울<b>패딩</b>과 실용적인 헤비아우터로 남자겨울코디 필수죠 ㅎㅎ 최근 탑텐 탑시티 매거진에서 '여행을... 겨울<b>패딩</b> 제가 겨울 여행룩을 위해 방문한 탑텐 매장에서는 TOP CITY 매거진을 중심으로 한 아우터가... ,"황빠꾸의 패션,뷰티 BLOG",blog.naver.com/ria04010414,20260116
띠어리 오프셋 다운 푸퍼 <b>패딩</b> 67% 세일 20만원대 P사이즈 소량,https://blog.naver.com/yoojafamily/224174136651,솔직히 말해서 요즘 <b>패딩</b>들 다 좋다 좋다 하는데 가볍다는 말 진짜 체감되는 제품이 제일 중요하거든요. 띠어리 오프셋 다운 푸퍼 <b>패딩</b>은 입어보면 바로 느껴져요. 과한 볼륨 없이 미니멀한 숏 기장으로... ,유자시스터즈 ★ YOOJASISTERS,blog.naver.com/yoojafamily,20260206
바라클라바 스트랩형태의 <b>패딩</b> 조합 데일리룩,https://blog.naver.com/beco2bom/224166819688,"전체적인 스타일은 블랙 컬러를 중심으로 한 미니멀한 룩이었는데요, 허리 스트랩 디테일이 들어간 <b>패딩</b> 재킷을 선택해 단순한 <b>패딩</b> 스타일보다 조금 더 정제된 느낌을 살려주었습니다. <b>패딩</b> 특유의 볼륨감이... ",아나운서 이보미의 예쁘게 말하고 입는 일상,blog.naver.com/beco2bom,20260131
